-- --------------------------------------------------------
-- Host:                         127.0.0.1
-- Versión del servidor:         5.7.15-log - MySQL Community Server (GPL)
-- SO del servidor:              Win64
-- HeidiSQL Versión:             9.3.0.4984
-- --------------------------------------------------------

/*!40101 SET @OLD_CHARACTER_SET_CLIENT=@@CHARACTER_SET_CLIENT */;
/*!40101 SET NAMES utf8mb4 */;
/*!40014 SET @OLD_FOREIGN_KEY_CHECKS=@@FOREIGN_KEY_CHECKS, FOREIGN_KEY_CHECKS=0 */;
/*!40101 SET @OLD_SQL_MODE=@@SQL_MODE, SQL_MODE='NO_AUTO_VALUE_ON_ZERO' */;

-- Volcando estructura de base de datos para bd_delox
CREATE DATABASE IF NOT EXISTS `bd_delox` /*!40100 DEFAULT CHARACTER SET utf8 */;
USE `bd_delox`;


-- Volcando estructura para tabla bd_delox.actividades
CREATE TABLE IF NOT EXISTS `actividades` (
  `idactividad` int(11) NOT NULL AUTO_INCREMENT,
  `nombre` varchar(50) DEFAULT NULL,
  `fecha` date DEFAULT NULL,
  `duracion` time DEFAULT NULL,
  `precio` float DEFAULT NULL,
  `img` varchar(50) DEFAULT NULL,
  KEY `idactividad` (`idactividad`)
) ENGINE=InnoDB AUTO_INCREMENT=3 DEFAULT CHARSET=utf8;

-- Volcando datos para la tabla bd_delox.actividades: ~2 rows (aproximadamente)
DELETE FROM `actividades`;
/*!40000 ALTER TABLE `actividades` DISABLE KEYS */;
INSERT INTO `actividades` (`idactividad`, `nombre`, `fecha`, `duracion`, `precio`, `img`) VALUES
	(1, 'Convencion de Programacion', '2017-06-18', '02:00:00', 30, 'css/img/imagen4.jpg'),
	(2, 'Convencion de Administrativos', '2017-07-05', '01:30:00', 30, 'css/img/imagen5.jpg');
/*!40000 ALTER TABLE `actividades` ENABLE KEYS */;


-- Volcando estructura para tabla bd_delox.curso
CREATE TABLE IF NOT EXISTS `curso` (
  `idcurso` int(11) NOT NULL AUTO_INCREMENT,
  `idprofesor` int(11) DEFAULT NULL,
  `nombre` varchar(50) DEFAULT NULL,
  `duracion` int(11) DEFAULT NULL,
  `ntemas` int(11) DEFAULT NULL,
  `precio` float DEFAULT NULL,
  `img` varchar(50) DEFAULT NULL,
  KEY `idcurso` (`idcurso`)
) ENGINE=InnoDB AUTO_INCREMENT=4 DEFAULT CHARSET=utf8;

-- Volcando datos para la tabla bd_delox.curso: ~3 rows (aproximadamente)
DELETE FROM `curso`;
/*!40000 ALTER TABLE `curso` DISABLE KEYS */;
INSERT INTO `curso` (`idcurso`, `idprofesor`, `nombre`, `duracion`, `ntemas`, `precio`, `img`) VALUES
	(1, 1, 'Programacion web', 200, 4, 250, 'css/img/imagen1.jpg'),
	(2, 2, 'Programacion multimedia', 200, 4, 250, 'css/img/imagen2.jpg'),
	(3, 3, 'Administrativo financiero', 150, 4, 200, 'css/img/imagen3.jpg');
/*!40000 ALTER TABLE `curso` ENABLE KEYS */;


-- Volcando estructura para tabla bd_delox.empresa
CREATE TABLE IF NOT EXISTS `empresa` (
  `idempresa` int(11) DEFAULT NULL,
  `nombre` varchar(50) DEFAULT NULL,
  `telefono` varchar(50) DEFAULT NULL,
  `email` varchar(50) DEFAULT NULL,
  `direccion` longtext
) ENGINE=InnoDB DEFAULT CHARSET=utf8;

-- Volcando datos para la tabla bd_delox.empresa: ~0 rows (aproximadamente)
DELETE FROM `empresa`;
/*!40000 ALTER TABLE `empresa` DISABLE KEYS */;
INSERT INTO `empresa` (`idempresa`, `nombre`, `telefono`, `email`, `direccion`) VALUES
	(1, 'Delox´s Accademy. S.A.', '912-053-485', 'delox@da.com', 'Albacete (España) - 02005 - Av. de la Libertad Nº 16');
/*!40000 ALTER TABLE `empresa` ENABLE KEYS */;


-- Volcando estructura para tabla bd_delox.pregunta
CREATE TABLE IF NOT EXISTS `pregunta` (
  `idpregunta` int(11) DEFAULT NULL,
  `idcurso` int(11) DEFAULT NULL,
  `pregunta` longtext,
  `respuesta` enum('V','F') DEFAULT NULL
) ENGINE=InnoDB DEFAULT CHARSET=utf8;

-- Volcando datos para la tabla bd_delox.pregunta: ~24 rows (aproximadamente)
DELETE FROM `pregunta`;
/*!40000 ALTER TABLE `pregunta` DISABLE KEYS */;
INSERT INTO `pregunta` (`idpregunta`, `idcurso`, `pregunta`, `respuesta`) VALUES
	(2, 2, 'La misma película, sin cortes, dura menos en televisión que en el cine', 'V'),
	(3, 2, 'En el Palacio del Elíseo, en París, viven varios animales. Tradicionalmente, siempre hay un cerdo llamado Napoleón. ', 'F'),
	(4, 2, 'Cuando hace mucho frío un vasito de alcohol hace entrar en calor.', 'F'),
	(5, 2, 'Los cabellos y las uñas siguen creciendo después de la muerte.', 'F'),
	(6, 2, 'Una tostada con mantequilla lanzada al aire cae por el lado de la mantequilla tres de cada cuatro veces.', 'F'),
	(1, 2, 'Hay arsenico en el café', 'V'),
	(7, 2, 'Los esquimales utilizan 226 palabras distintas para designar la nieve según su estado.', 'F'),
	(10, 1, 'El ser humano pierde aproximadamente el 75% de calor corporal por la cabeza. Es por ello que en época de bajas temperaturas las personas tienen la tendencia a cubrirse bien la cabeza con algún tipo de prenda. ', 'F'),
	(8, 2, 'En los hogares españoles hay más pájaros que gatos.', 'V'),
	(11, 1, 'Nunca se ha visto a un elefante saltando en vertical.', 'V'),
	(12, 1, 'Los conejos son roedores.', 'F'),
	(13, 1, 'Tenemos un promedio de entre 400.000 y 500.000 pelos en la cabeza.', 'F'),
	(14, 1, 'Durante su vida, un hombre con una alimentación normal puede ingerir una cantidad de alimentos equivalente al peso de cien elefantes adultos. ', 'F'),
	(15, 1, 'Las huellas dactilares suelen estar determinadas por nuestros genes, así que pueden tener ciertas semejanzas con las de nuestros progenitores.', 'F'),
	(16, 1, 'Cuando un avión aterriza de noche se apagan todas sus luces interiores.', 'V'),
	(9, 1, 'La Gran Muralla China es la única obra construida por el hombre visible a simple vista desde el espacio.', 'F'),
	(18, 3, 'La mayoría de los seres humanos utilizamos solamente el 10% de nuestro cerebro. A menudo se sugiere que mediante algunos procesos una persona puede ser capaz de aprovechar ese potencial no utilizado. ', 'F'),
	(19, 3, 'Dejar un hueso de aguacate en un plato de guacamole impide que este se vuelva de ese color oscuro tan desagradable a la vista.', 'F'),
	(20, 3, 'Si tiras un céntimo desde lo alto de un rascacielos, puedes atravesarle el cráneo a alguien.', 'F'),
	(21, 3, 'Mark Zuckerberg es daltónico. El fondo de Facebook es azul porque es el color que puede distinguir mejor. ', 'V'),
	(22, 3, 'Todos los insectos tienen seis patas.', 'V'),
	(23, 3, 'Un buitre chocó contra un avión a una altitud de 11.300 metros.', 'V'),
	(24, 3, 'En la playa normanda de Grandville están prohibidos los elefantes.', 'V'),
	(17, 3, 'La principal limitación de las neuronas de nuestro cerebro es que si son dañadas no tienen la posibilidad de regenerarse.', 'F');
/*!40000 ALTER TABLE `pregunta` ENABLE KEYS */;


-- Volcando estructura para tabla bd_delox.tema
CREATE TABLE IF NOT EXISTS `tema` (
  `idcurso` int(11) DEFAULT NULL,
  `idtema` int(11) DEFAULT NULL,
  `textotema` varchar(50) DEFAULT NULL
) ENGINE=InnoDB DEFAULT CHARSET=utf8;

-- Volcando datos para la tabla bd_delox.tema: ~12 rows (aproximadamente)
DELETE FROM `tema`;
/*!40000 ALTER TABLE `tema` DISABLE KEYS */;
INSERT INTO `tema` (`idcurso`, `idtema`, `textotema`) VALUES
	(1, 1, 'Introduccion al diseño web'),
	(1, 2, 'Usabilidad en la web'),
	(1, 3, 'Promocion de paginas web'),
	(1, 4, 'Paginas dinamicas'),
	(2, 5, 'Manual de Photoshop'),
	(2, 7, 'Manual Macromedia Freehand'),
	(2, 8, 'Manual Macromedia Director'),
	(2, 6, 'Manual de Quarkxpress'),
	(3, 10, 'Tipos de control administrativo'),
	(3, 11, 'Metodologia para la implementacion del control'),
	(3, 12, 'Componentes basicos de un sistema de control'),
	(3, 9, 'Conceptos, finalidad y elementos del control');
/*!40000 ALTER TABLE `tema` ENABLE KEYS */;


-- Volcando estructura para tabla bd_delox.unidad
CREATE TABLE IF NOT EXISTS `unidad` (
  `idtema` int(11) DEFAULT NULL,
  `idunidad` int(11) DEFAULT NULL,
  `nombreunidad` longtext,
  `textounidad` longtext
) ENGINE=InnoDB DEFAULT CHARSET=utf8;

-- Volcando datos para la tabla bd_delox.unidad: ~48 rows (aproximadamente)
DELETE FROM `unidad`;
/*!40000 ALTER TABLE `unidad` DISABLE KEYS */;
INSERT INTO `unidad` (`idtema`, `idunidad`, `nombreunidad`, `textounidad`) VALUES
	(1, 1, 'Conocimientos necesarios para dedicarse al diseño web', ' Te preguntarás, ¿pero qué tengo que aprender? ¿Cuál es el mejor camino? Obviamente, si estás en DeloxAccademy ya has tenido un buen comienzo! Si has tenido tiempo para navegar por las secciones del sitio o conversar con algún amigo sobre esta profesión, te habrás podido dar cuenta que hoy existen muchas tecnologías que aprender. Hay tantos programas, lenguajes, librerías o frameworks que es normal que una persona que quiera empezar a diseñar para la web se pueda perder. El desarrollo web es multidisciplinar. Tenemos que aprender un poco de todo y estar preparados para entender el medio de una manera global, pero a la vez especializarnos en hacer una cosa determinada muy bien. Esta especialización produce incluso que, dentro de la figura de un diseñador, podríamos encontrar diversas variantes de perfiles enfocados para una u otra actividad. Puedes encontrar profesionales que se deniminan diseñador gráfico, diseñador frontend, el arquitecto de CSS, diseñador de experiencia de usuario, etc. Pero más o menos todos deben dominar los mismos lenguajes y programas de base.   '),
	(1, 2, '1.- Conocimiento general de Internet', 'Lo primero que debemos tener es un conocimiento tecnológico de Internet; estamos obligados a saber cómo funciona de manera general, desde las conexiones de ordenador hasta el valor de los servidores, pasando por la arbitraria congestión de las líneas de datos y, desde luego, considerando los diversos navegadores que hay en el mercado, así como los distintos tipos de dispositivos, desde ordenadores a móviles. Estos conocimientos técnicos nos informan de nuestras posibilidades creativas; no basta con crear una preciosa imagen y colgarla en nuestra página principal, si no sabemos que dicha imagen podría tardar un minuto en cargarse.'),
	(1, 3, '2.- Conocimiento de los lenguajes ', 'En segundo lugar, estamos obligados a saber trabajar no solo con los programas, sino también con el código. Y si trabajas en modo código, debes dominar el HTML, CSS y otros lenguajes de uso común en la Red. HTML es el lenguaje que todo el mundo debería aprender en primer lugar y luego lo básico de CSS. Más tarde, dependiendo de tu especialización podrás estar más enfocado al CSS, ser capaz de dominar Javascript y alguna librería que te permita aplicar dinamismo fácilmente, como jQuery. '),
	(1, 4, '3.- Conocimiento de los usuarios ', 'En tercer lugar es fundamental saber que Internet no es una conferencia telefónica, un CD-ROM o televisión a la carta. Lo más importante son las personas que están al otro lado de la pantalla y hay que ofrecerles lo que éstos han venido a buscar. Hay muchas otras webs que pueden ofrecer lo mismo o cosas muy parecidas! y los usuarios son extremamente impacientes. Sirva de ejemplo decir que si tu página tarda más de unos pocos segundos en ofrecer algún tipo de respuesta, es posible que tu visitante aprete el botón de atrás del navegador y escoja el siguiente resultado en Google. Por ese motivo es importante la optimización, desde el contenido hasta la carga y que sea fácil de usar. Para poder comenzar debes entender que la Red sufre limitaciones propias y disfruta también de posibilidades más extensas y personales. Así, cuando diseñamos nuestros sitios web, debemos entender que el visitantes no espera lo mismo de nuestras páginas que de un programa de TV, incluso aunque ambos traten el mismo tema. Tomemos por ejemplo un documental sobre los elefantes africanos. E imaginemos a un ciudadano muy interesado en dichos animales, que en un momento del día debe elegir entre ver la vida de los elefantes en televisión, o buscar información en Internet a propósito de lo mismo. Nosotros tenemos la obligación de diseñar una página web al respecto. ¿Tomaríamos inspiración de la televisión? Quizás alguna, pero si sabemos lo que nos conviene, no pasaríamos de ahí. Por ejemplo, la tele se encuentra a un mínimo de dos metros del televidente; el monitor de la computadora, a unos palmos; el texto debe ser estrecho para no irritar al navegante. En la tele eso da igual. A la tele también le es indiferente mostrar cientos de tomas, cientos de perspectivas y cientos de sonidos emitidos por los elefantes africanos. En la web eso quizás no funcionaría si el usuario tiene una conexión lenta. Pero nosotros podemos crear enlaces a páginas que traten todas y cada una de las costumbres del enorme paquidermo. La televisión, no... Además, como en cualquier otro medio, tenemos que pensar en qué damos al navegante para hacerle fiel. Aunque tan sólo sea para que durante una sesión visite varias páginas. Crear una web atractiva necesita personalización, contenidos, ingenio, belleza, oportunidades, comodidad, síntesis, gráficos, etc. ¿Estamos en condiciones de hacer estas cosas? Más nos vale. '),
	(2, 5, 'Información general', 'La usabilidad son las tecnicas que ayudan a los seres humanos a realizar tareas en entornos graficos de ordenador. Hay tres conceptos muy importantes que debemos tener en cuenta. Trabajamos para seres humanos, que quieren realizar una tarea de una forma sencilla y eficaz y en este caso particular, la deben realizar frente a un ordenador en un entorno grafico, la web. La usabilidad ayuda a que esta tarea se realize de una forma sencilla analizando el comportamiento humano, y los pasos necesarios para ejecutar la tarea de una forma eficaz. Quizas suene un poco a trabajo industrial, pero al hacer referencia al termino "tarea", estamos haciendo referencia a buscar un programa que queremos ver en la tele, a ver informacion sobre mi equipo de futbol favorito, a comprar un libro sobre artes marciales. Realmente hace falta la usabilidad para hacer una web? Si. Sea tu web un portal o una pagina personal, no olvides que la gente que entra en tu web es por que basicamente busca algo. Hacerlo sencillo es decision tuya, pero seguro que entre todos podemos hacer de internet un sitio mejor donde la gente no se sienta perdida o extraviada o sencillamente defraudada.'),
	(2, 6, '1.- ¿Qué es la Interacción Persona-Ordenador?', 'La Interacción Persona-Ordenador, es la disciplina que estudia el intercambio de información entre las personas y los ordenadores. Su objetivo es que este intercambio sea más eficiente: minimiza los errores, incrementa la satisfacción...  Los orígenes de la IPO/HCI hay que buscarlas en la rama de la Psicología Aplicada que estudia la Interacción Persona-Ordenador. Las dos disciplinas de las que surge la IPO/HCI son las llamadas "Human Factors" y la Ergonomía (en realidad es la misma disciplina, el primer termino se utiliza en EE.UU y el segundo en Europa). Actualmente el uso de estos términos no esta claramente establecido y incluso a veces se utilizan de manera indistinta. El predominio tradicional en la IPO/HCI ha sido de los ingenieros, aunque la influencia de la psicología es creciente. La Psicología es la disciplina que estudia la percepción, la memoria, la adquisición de habilidades y el aprendizaje, la resolución de problemas, el movimiento, las tareas de juicio, de búsqueda o procesamiento de información y de la comunicación, es decir, procesos todos cuyo conocimiento se requiere para el adecuado diseño de mecanismos de interacción del usuario. Aunque la Psicología Cognitiva es una ciencia muy joven en lo que respecta a investigaciones de carácter básico y sistemático, existen actualmente suficientes hallazgos basados en resultados empíricos que permiten el desarrollo de la IPO/HCI y, por ende, de sitios web adaptados a los usuarios.  La IPO/HCI es también una disciplina joven, pero no tanto como pudiera parecer. Desde el primer ordenador ha sido necesario el diseño de un sistema de comunicación persona-ordenador. Los estudios en esta disciplina han permitido dar una base teórica al diseño y a la evaluación de aplicaciones informáticas. La importancia de esta disciplina se pone sobre relieve al leer artículos sobre el tema escritos hace cuarenta años en los que se predecían elementos de interacción de los que se dispone actualmente. Una de las asociaciones más influyentes en este campo es la ACM SIGCHI (Association for Computing Machinery\'s Special Interest Group on Computer-Human Interaction) que desde 1982 reune a los mejores especialistas en IPO/HCI.  '),
	(2, 7, '2.- Formularios', 'Ofrecemos una serie de claves para crear formularios más fáciles y agradables. Rellenar un formulario no tiene que ser un suplicio para el visitante. Reduce al maximo el numero de campos en los formularios, procura reutilizar campos y evita formalidades.\r\nEvita el uso de los combos en los formularios, es mas rapido escribir que seleccionar la opcion en el combo, la pagina pesa menos. El usuario se la baja mas rapido y acaba antes el proceso.\r\nEn la mayoria de los casos es mas rapido escribir el texto que buscarlo en un combo, escribir la palabra "España" puede llevar entre 1 y 2 segundos mas o menos, elegirla en un combo donde podemos encontrar todos los paises del mundo puede llevar un promedio de 4 y 6 segundos. Si usamos el truco de preseleccionar el pais en el combo, tambien podemos pre-escribir la palabra en el campo de texto,\r\nel unico caso en el que el uso de combos esta justificado es en aquellos en los que la respuesta esta predefinida tipo rangos, valoraciones subjetivas, marcas, etc... pero no lo uses para paises, provincias, numeros, etc... '),
	(2, 8, '3.- Los usuarios no son adivinos', 'En este artículo indicaremos que elementos ayudan al usuario a navegar y cuales no. Además, intentaremos indicar que elementos ayudan a predecir al usuario su destino al pinchar un enlace.\r\nResumen:\r\n\r\n    Utiliza enalces azules y botones del sistema. Ayudan al usuario a reconocer lo que es pinchable y lo que no.\r\n    Ofrece al usuario la informacion necesaria sobre donde esta y a donde puede ir de forma clara.\r\n    Ofrece guias al usuario (1, 2 y 3, primero esto, luego aquello, te recomendamos esto).\r\n    Los elementos que recargan la pagina deben indicarlo claramente.\r\n\r\nOrdenados de mas a menos aquellos elementos que claramente indican accion de pinchar y cambiar de pagina.\r\n\r\n    Los link en azul y los botones del sistema (no se incluyen combos).\r\n    Los links en otro color que no sea azul, pierden parte de la llamada de enlace.\r\n    Los botones que no son del sistema. La pestaña quizas sea el ejemplo mas extendido pero hay otras opciones.\r\n    Links sin subrayar que cambian de color o se subrayan al pasar por encima.\r\n    Fotos. El tamaño de la foto ayuda a que se pase por encima y se evidencie la opcion de pinchar. Otra opcion que ayuda al usuario a pinchar en las imagenes, es el hecho de que este con borde. Este borde tendra el mismo color que los links, por lo que ayudara al usuario a reconocer el enlace.\r\n    Combos. El combo es una herramienta de seleccion, no de accion. Aun asi no se recomienda ni para hacer selecciones. El combo no es una herramienta recomendable, por lo general deja al usuario a medias, sin saber muy bien que pasa cuando pincha sobre el. Su uso se recomienda en formularios u operaciones, pero nunca en navegacion.\r\n    Texto o imagenes sin subrayar que no cambian de color.\r\n'),
	(3, 9, 'Introducción a la promoción de webs', 'Una vez hemos construido una página web tenemos que hacer que esta sea conocida por todos los medios que estén a nuestro alcance, para atraer visitas a ella y, cuando menos, sentirnos orgullosos de que esta sea popular en la Red. Para conseguir esto tenemos que promocionarla adecuadamente, de manera que su dirección figure en el mayor número de sitios.\r\n\r\nExisten muchas maneras de promocionar una página, podemos enviar correos anunciando su puesta en marcha, registrarla en los buscadores, incluir la dirección en el membrete del papel de nuestro negocio, anunciarla por televisión, por poner varios ejemplos, una vez la web ya lleva un tiempo online podemos hacer que los visitantes vuelvan a ella mediante técnicas adicionales como listas de correo que informen a los usuarios de las novedades\r\n\r\nEste manual pretende dar a conocer las técnicas para conseguir los anteriores objetivos, centrándonos en el más importante: el registro en buscadores, que requiere una serie de indicaciones muy específicas para que nuestra página este presente y ocupe los primeros puestos en los resultados de la búsqueda.\r\n\r\nPero atención, no es solo nuestro trabajo promocionando una página el que va a atraer las visitas, también debemos mantener la web con buena presencia, que sea rápida y que tenga unos buenos contenidos. En otras palabras, con la misma promoción, una buena página web atrae más visitas que una mala, algo muy lógico si lo piensas.\r\n\r\nEste manual está compuesto por varios capítulos. En los primeros vamos a conocer al detalle todos los mecanismos y los trucos relativos a los buscadores. En capitulos más avanzados veremos otras maneras de promocionar la página.\r\n\r\nSi lo que buscas en la forma de conseguir un buen posicionamiento en los buscadores te recomiendo que te leas el manual de Posicionamiento en buscadores donde vienen los mecanismos para conseguirlo.'),
	(3, 10, '1.- Tipos de Buscadores', ' Existen varios tipos de buscadores en Internet. En primer lugar, podemos distinguirlos por su forma de trabajo, esto es importante, dado que la manera de registrar una dirección en los buscadores es diferente según el tipo.\r\nIndices\r\n\r\nSon los buscadores que mantienen una organización de las páginas incluidas en su base de datos por categorías, es decir, tienen un directorio navegable de temas. Dentro de cada directorio podemos encontrar páginas relacionadas con ese tema. Para mantener esta organización, los buscadores tienen unos administradores humanos que se encargan de visitar las páginas y vigilan que todas se encuentren clasificadas en su lugar correcto. Índices típicos son Yahoo, Terra o TodoEnlaces.\r\n\r\nPara que una página quede registrada en un índice debemos mandarles la dirección a los administradores humanos de ese índice, generalmente acompañada de una serie de datos que les ayuden a clasificar la página de una forma correcta, como la descripción, temática, titulo, lenguaje, etc. Además, si queremos que varias páginas de nuestro sitio web estén en el buscador, deberemos registrarlas todas ellas una a una.\r\nMotores de búsqueda\r\n\r\nSon buscadores que basan su recolección de páginas en un robot, denominado araña, que recorre constantemente Internet en busca de páginas nuevas que va introduciendo en su base de datos automáticamente. Los motores de búsqueda, no tienen porque tener un índice, aunque cada vez es más habitual que dispongan de uno. Motores de búsqueda típicos son Altavista o Sol.\r\nNota: Google también es un motor de búsqueda y en estos momentos, es el más utilizado de Internet. Es curioso porque, a pesar de que a todo el mundo le parece el motor imprescindible y no hay nadie que no lo conozca, es un motor de búsqueda bastante nuevo. De hecho, cuando se redactó este artículo todavía no existía, o por lo menos no se conocía.\r\n\r\nLos motores de búsqueda, como se puede haber deducido, no necesitan que les mandemos la dirección de nuestra página para tenerla en su base de datos, puesto que el robot puede haberla encontrado previamente. De todos modos, nosotros podemos mandarles la dirección si no deseamos esperar a que el robot nos encuentre, practica muy habitual.\r\n\r\nPara clasificar una página, los motores de búsqueda son capaces de leer el contenido de esta y encontrar aquellos datos que permitan su catalogación. Por esto es que cuando registramos una página en un motor de búsqueda generalmente no nos piden información adicional, como ocurría con los índices.\r\n\r\nCuando un robot recorre nuestra página guarda sus datos, y luego se dirige a las distintas páginas que están enlazadas a esta. De este modo, solo hace falta registrar la página inicial de un sitio web, pues el motor de búsqueda se encargará de recorrer todo el sitio de manera automática. Adicionalmente, estos motores o arañas, volverán a recorrer las páginas de su base de datos en busca de cambios que se hayan producido en estas, con objetivo de mantener su información lo más actualizada posible.\r\nMultibuscadores\r\n\r\nEstos últimos no tienen una base de datos propia, lo que hacen es buscar la página en unos cuantos motores de búsqueda e índices y combinar los resultados de la búsqueda en esos buscadores. Como ejemplos de multibuscadores podemos destacar Metacrawler.\r\n\r\nPara registrar una dirección de manera que aparezca en un multibuscador debemos mandársela a los algún buscador donde este va a recoger los resultados.\r\nOtras clasificaciones\r\n\r\nAparte de la clasificación anterior de los buscadores, también se pueden distinguir de otras formas.\r\n\r\nPor su ámbito: los hay internacionales, nacionales, incluso de regiones más pequeñas, como provincias o ciudades.\r\n\r\nPor el tema: existen buscadores genéricos, donde podemos encontrar todo tipo de páginas, y también los hay temáticos, donde solo hay páginas que tratan sobre una temática específica.\r\n\r\nA la hora de registrar una página debemos comprobar que pertenece al ámbito o temática del buscador, o de lo contrario es casi seguro que no la aceptarán.\r\n\r\nEn el siguiente capítulo vamos a ver cómo se ha de registrar una página en cada tipo de buscador. '),
	(3, 11, '2.- Como registrar una pagina', 'Para conseguir que tu web sea incluida en un buscador debes rellenar un formulario con los datos de la web que deseas registrar. Cada buscador tiene un formulario especifico y a menudo el proceso de registro es diferente.\r\n\r\nPara encontrar el formulario lo más fácil es que entres en la página principal del buscador y busques un enlace que ponga Añadir página, Add URL, nueva dirección, o algo parecido. Ese enlace te llevara al formulario de registro o, en su defecto, a la página donde explica cómo has de registrarte en ese buscador en concreto.\r\n\r\nAun así, existen unos procedimientos básicos de registro que suelen repetirse en los buscadores:\r\nPara los índices\r\n\r\nLos buscadores que tienen categorías donde podemos encontrar páginas clasificadas según su temática. Por lo general se ha de navegar a la categoría en la que se desea incluir el web. Allí se busca el botón "añadir página"(o algo parecido) y se encuentra el formulario para el registro.\r\nPara los motores de búsqueda\r\n\r\nQue son los buscadores que no tienen porque mantener un índice y que tienen robots que constantemente recorren Internet en busca de nuevas páginas para incluirlas en el buscador. Estos buscadores suelen tener un formulario accesible desde la página inicial, con el enlace correspondiente. No hay que navegar las categorías para acceder al formulario.\r\n\r\nSalta a la vista que registrarte en varios buscadores puede ser una tarea un poco costosa y otro tanto pesada, pues tienes que ir buscador a buscador introduciendo una y otra vez los mismos datos. Afortunadamente existen herramientas multiregistro. Estas herramientas nos permiten registrar nuestra página en distintos buscadores introduciendo una sola vez los datos de la página web.\r\n\r\nExisten dos tipos de herramientas multiregistro:\r\n\r\nAplicaciones windows, como cualquier otro programa, pero que su objetivo es registrar en buscadores. Este tipo de herramientas suelen estar a la venta, o puedes encontrarlas shareware (en www.tucows.com por ejemplo), pero suelen estar limitadas en su uso.\r\n\r\nHerramientas online, estas nos permiten desde Internet, y por lo general gratuitamente, registrarnos en varios buscadores. No suelen ser tan potentes como las anteriores, pero si más útiles y accesibles por ser gratuitas. Existen varias de estas herramientas en Internet, se pueden ver en la sección de multiregistro en buscadores de nuestro directorio. No obstante, cabe señalar que muchas veces estos sistemas de multiregistro online están poco actualizados y entonces poco útiles.\r\n\r\nPor otro lado, hay que destacar que existen una serie de métodos que nos pueden ayudar a que nuestra página se encuentre mejor situada entre los resultados. pero esto es otro tema, que se tratará en el siguiente capítulo.'),
	(3, 12, '3.- Falsos trucos', 'Además existen una serie de trucos adicionales, que se pueden utilizar y lo más seguro es que sean contraproducentes. Los destacamos aquí para que NO los pongáis en práctica pues pueden trataros de pagina spam, con el consiguiente perjuicio en su posición entre los resultados.\r\n\r\n    Poner un párrafo entre comentarios HTML con la descripción del sitio, o repitiendo palabras clave de la página.\r\n    Poner un texto del mismo color que el fondo (con lo que no se ve) con las palabras clave.\r\n    Repetir excesivamente las palabras clave en el texto.\r\n    Utilizar palabras clave que luego no figuren por ningún sitio en la página.\r\n    Poner en etiquetas META palabras o frases clave que no están en el texto de la página.\r\n    En general, cualquier técnica que sea fraudulenta para conseguir estar mejor situados, pues poco a poco se van descubriendo estas técnicas y los buscadores las van penalizando a medida que las detectan.\r\n\r\nComo se debe haber comprendido, al final, lo más recomendable es realizar la página, la creación de etiquetas META y demás, de una manera legal, procurando facilitarle las cosas al buscador y sin abusar en el uso de técnicas para situarlo más arriba en los resultados.\r\n\r\nSiempre digo que, haciendo un buen trabajo, legal y con ganas de ayudar y servir de utilidad, no puede haber otra posibilidad que el éxito. No hace falta utilizar técnicas fraudulentas para posicionarse. Encima se nos pueden volver en nuestra contra, lo que puede ser todavía mucho peor.\r\n\r\nEsperamos, con los primeros capítulos de este manual, podais registrar páginas y que estas se encuentren bien posicionadas en los buscadores. En proximos capítulos vamos a tratar de describir otras técnicas de promoción distintas a los buscadores. '),
	(4, 13, 'Introduccion a Paginas dinámicas', 'Muy probablemente, estimado lector, seas una persona más o menos familiarizada con el lenguaje HTML y con toda seguridad hayas desarrollado algún sitio basado en esta herramienta. En realidad el HTML no es lenguaje de programación sino, más bien, se trata de un lenguaje descriptivo que tiene como objeto dar formato al texto y las imágenes que pretendemos visualizar en el navegador.\r\n\r\nA partir de este lenguaje somos capaces de introducir enlaces, seleccionar el tamaño de las fonts o intercalar imágenes, todo esto de una manera prefijada y en ningún caso inteligente. En efecto, el HTML no permite el realizar un simple cálculo matemático o crear una página de la nada a partir de una base de datos. A decir verdad, el HTML, aunque muy útil a pequeña escala, resulta bastante limitado a la hora de concebir grandes sitios o portales.\r\n\r\nEs esta deficiencia del HTML la que ha hecho necesario el empleo de otros lenguajes accesorios mucho más versátiles y de un aprendizaje relativamente más complicado, capaces de responder de manera inteligente a las demandas del navegador y que permiten la automatización de determinadas tareas tediosas e irremediables como pueden ser las actualizaciones, el tratamiento de pedidos de una tienda virtual...\r\n\r\nEstos lenguajes capaces de recrear a partir de ciertos "scripts" un sinfín de páginas automatizadas son los protagonistas de este concepto de páginas dinámicas.\r\n\r\nEste manual, que no es mas que una introducción a otros manuales en curso de redacción, esta destinado a aquellos que sienten que el HTML se les queda corto para realizar sus proyectos y que, sin tener ni idea de programar, desean dar el paso y darle un nuevo aire a sus páginas sin por ello pasar por experiencias traumáticas debidas a su poca afinidad con los lenguajes informáticos.\r\n\r\nEl contenido ha sido, por lo tanto, deliberadamente simplificado y será ampliado posteriormente a partir de anexos y artículos de mayor nivel para que pueda ser también utilizado por aquellos que ya están familiarizados con este tipo de lenguajes. '),
	(4, 14, '1.- Páginas dinámicas vs HTML', 'A pesar de que las páginas dinámicas nos puedan en un principio limitar a causa de su mayor complejidad con respecto al HTML, todas las ventajas que nos ofrecen compensan con creces este esfuerzo inicial.\r\n\r\nNo obstante, hay que ser consciente del posible interés que pueda tener para uno el lanzarse en esta aventura de aprender un nuevo lenguaje y volver a rediseñar su propio sitio.\r\n\r\nSi la página en la que estamos pensando o que queremos rediseñar es relativamente pequeña, no necesita estar al día continuamente sino que sus contenidos son perennes y no hemos previsto el pagar por mantenerla, el empleo de páginas dinámicas puede quedarse grande y resultar a todas luces improductivo.\r\n\r\nPor el contrario, si el sitio es extenso y sus contenidos cambian rápidamente, nos interesa el automatizar en la medida de lo posible todas las tareas de tal forma que podamos gestionar su explotación de la manera más óptima.\r\n\r\nPara dejar más claro hasta que punto resulta útil utilizar páginas dinámicas lo mejor será ejemplificarlo a partir de un sitio web modelo.\r\n\r\nSupongamos que hemos decidido realizar un portal de televisión donde una de las informaciones principales a proveer podría ser la programación semanal. Efectivamente, esta información suele ser dada por las televisiones con meses de antelación y podría ser muy fácilmente almacenada en una base de datos. Si trabajásemos con páginas HTML, tendríamos que construir una página independiente para cada semana en la cual introduciríamos "a mano" cada uno de los programas de cada una de las cadenas. Asimismo, cada semana nos tendríamos que acordar de descolgar la página de la semana pasada y colgar la de la anterior. Todo esto podría ser fácilmente resuelto mediante páginas dinámicas. En este caso, lo que haríamos sería crear un programa (solo uno) que se encargaría de recoger de la base de datos de la programación aquellos programas que son retransmitidos en las fechas que nos interesan y de confeccionar una página donde aparecerían ordenados por cadena y por hora de retransmisión. De este modo, podemos automatizar un proceso y desentendernos de un aspecto de la página por unos meses.\r\n\r\nEste hecho lo podríamos aplicar a otras situaciones: podemos preparar el horóscopo de todos los días, las promociones de un sitio de e-comercio...\r\n\r\nAdemás, tampoco resultaría complicado el introducir una pequeña caja de búsqueda que nos permitiera dar rápidamente con el programa que queremos ver, saber a qué hora y en qué cadena se emite.\r\n\r\nVolviendo a nuestro portal de televisión, en él hay una sección en la cual presentamos todas las series actualmente emitidas con comentarios sobre ella, fotos, etc. Podríamos, en lugar de hacer una página HTML por serie, hacer una única página dinámica en contacto con una base de datos en la cual visualizamos las fotos y comentarios relativos a la serie que nos interesa. Asimismo, si lo que buscamos es modificar el formato del texto de dicha sección, podemos automatizar este proceso sin necesidad de cambiar a mano cada una de las etiquetas font y sin hacer uso de la hojas de estilo las cuales no son reconocidas por la totalidad de los navegadores.\r\n\r\nOtra serie de aspectos tales como la gestión de las lenguas, podrían ser fácilmente resueltos sin para ello duplicar el número de páginas y buscar los textos a traducir penosamente entre el código HTML.\r\n\r\nEn realidad, a partir de estas herramientas, podemos plantearnos cuantas cosas queramos. El único límite... nuestra imaginación. '),
	(4, 15, '2.- Lenguajes de lado servidor o cliente', 'El navegador es una especie de aplicación capaz de interpretar las órdenes recibidas en forma de código HTML fundamentalmente y convertirlas en las páginas que son el resultado de dicha orden.\r\n\r\nCuando nosotros pinchamos sobre un enlace hipertexto, en realidad lo que pasa es que establecemos una petición de un archivo HTML residente en el servidor (un ordenador que se encuentra continuamente conectado a la red) el cual es enviado e interpretado por nuestro navegador (el cliente).\r\n\r\nSin embargo, si la página que pedimos no es un archivo HTML, el navegador es incapaz de interpretarla y lo único que es capaz de hacer es salvarla en forma de archivo. Es por ello que, si queremos emplear lenguajes accesorios para realizar un sitio web, es absolutamente necesario que sea el propio servidor quien los ejecute e interprete para luego enviarlos al cliente (navegador) en forma de archivo HTML totalmente legible por él.\r\n\r\nDe modo que, cuando pinchamos sobre un enlace a una pagina que contiene un script en un lenguaje comprensible unicamente por el servidor, lo que ocurre en realidad es que dicho script es ejecutado por el servidor y el resultado de esa ejecucion da lugar a la generacion de un archivo HTML que es enviado al cliente.\r\n\r\nAsí pues, podemos hablar de lenguajes de lado servidor que son aquellos lenguajes que son reconocidos, ejecutados e interpretados por el propio servidor y que se envían al cliente en un formato comprensible para él. Por otro lado, los lenguajes de lado cliente (entre los cuales no sólo se encuentra el HTML sino también el Java y el JavaScript los cuales son simplemente incluidos en el código HTML) son aquellos que pueden ser directamente "digeridos" por el navegador y no necesitan un pretratamiento.\r\n\r\nCada uno de estos tipos tiene por supuesto sus ventajas y sus inconvenientes. Así, por ejemplo, un lenguaje de lado cliente es totalmente independiente del servidor, lo cual permite que la página pueda ser albergada en cualquier sitio sin necesidad de pagar más ya que, por regla general, los servidores que aceptan páginas con scripts de lado servidor son en su mayoría de pago o sus prestaciones son muy limitadas. Inversamente, un lenguaje de lado servidor es independiente del cliente por lo que es mucho menos rígido respecto al cambio de un navegador a otro o respecto a las versiones del mismo. Por otra parte, los scripts son almacenados en el servidor quien los ejecuta y traduce a HTML por lo que permanecen ocultos para el cliente. Este hecho puede resultar a todas luces una forma legítima de proteger el trabajo intelectual realizado. '),
	(4, 16, '3.- Conceptos básicos de programación', 'Antes de abordar en detalle las particularidades de estos lenguajes, es importante guardar en espíritu toda una serie de nociones básicas comunes. Estos aspectos son sin duda conocidos por aquellos que hayan programado alguna vez y pueden ser muy rápidamente asimilados por todos los que estén familiarizados con las matemáticas. Teniendo en cuenta esto, hemos querido acercar estos conceptos a cualquier persona proponiendo definiciones poco rigurosas y carentes de detalles pero que en contrapartida permiten ser digeridas con más facilidad.\r\n\r\nAsí pues, aquellos sugerimos el pasar directamente al siguiente capítulo a todos aquellos que consideren conocer perfectamente los conceptos de variable y función aunque siempre puede resultar interesante volver a recordarlo visto desde el prisma de otra definición.\r\nVariable\r\n\r\nUna variable consiste en un elemento al cual le damos un nombre y le atribuimos un determinado tipo de información. Las variables pueden ser consideradas como la base de la programación.\r\n\r\nDe este modo podríamos escribir en un lenguaje ficticio:\r\n\r\na="perro"\r\nb="muerde"\r\n\r\nLa variable que nosotros llamamos "a" posee un elemento de información de tipo texto que es "perro". Asimismo, la variable "b" contiene el valor "muerde".\r\n\r\nPodríamos definir una tercera variable que fuese la suma de estas dos:\r\n\r\nc=a+b\r\n\r\nSi introdujésemos una petición de impresión de esta variable en nuestro lenguaje ficticio:\r\n\r\nimprimir(c)\r\n\r\nEl resultado podría ser:\r\n\r\nperro muerde\r\n\r\nPodríamos de la misma forma trabajar con variables que contuviesen números y construir nuestro programa:\r\n\r\na=3\r\nb=4\r\nc=a+b\r\nimprimir(c)\r\n\r\nEl resultado de nuestro programa sería:\r\n\r\n7\r\n\r\nLa utilidad de estas variables quedará de relieve en el transcurso de los siguientes capítulos. '),
	(5, 17, 'Introduccion a Photoshop', 'Posee una gran versatilidad ya que dispone de una amplia gama de herramientas de pintura, de modificación, de selección y métodos para ajustar los niveles de grises o las imágenes en color. Permite además transformar fotografías digitalizadas. Es también una excelente herramienta de postproducción y puede producir separaciones de color y medios tonos de una buena calidad. Incluso crea ilustraciones listas para cámara y película.\r\n\r\nEl interfaz de Photoshop, presenta un menú en el margen superior con distintas opciones, una barra de herramientas, una ventana dónde se puede observar la imagen cargada y una serie de paletas a la derecha de la imagen que estudiaremos más adelante.\r\n\r\nPor otro lado, aparte de los menús de la parte superior de la pantalla, ofrece los menús contextuales que nos muestran información importante de la herramienta, selección y paleta activas y que se pueden activar pulsando con el botón derecho del ratón.\r\n\r\nOtro aspecto que resulta útil al manejar el programa es la utilización de atajos de teclado; combinaciones de teclas que realizan el mismo efecto que los comandos correspondientes. Son especialmente útiles para operaciones que se realicen con frecuencia.\r\n\r\nEsta versión de Photoshop, mejora la edición de las capas de texto, permite agregar una serie de efectos en las capas e introduce nuevas herramientas y ventajas que iremos viendo a medida que se profundice en el manual.\r\n'),
	(5, 18, '1.- Tipos de imagenes y formatos de archivo que soporta Photoshop', 'A la hora de trabajar con imágenes se pueden distinguir dos tipos de imágenes.\r\n\r\nPor una parte, se encuentran las imágenes vectoriales, las cuales se componen de líneas y curvas definidas matemáticamente, y por otra las imágenes de mapa de bits que están compuestas por una rejilla o mapa de pequeños cuadrados denominados píxeles.\r\n\r\nLos programas de dibujo generan imágenes de tipo vectorial. A veces se llaman "programas de dibujo orientado a objeto", ya que las imágenes comprenden objetos independientes, líneas definidas matemáticamente y figuras.\r\n\r\nLos programas de pintura generan imágenes de tipo mapa de bits. En un programa de pintura, por ejemplo, si se dibuja una línea, la aplicación la convierte en unos pequeños puntos cuadrados llamados pixeles. \r\n\r\nFormatos de archivo de Photoshop:\r\n\r\nSe pueden utilizar diversos formatos de archivo para conseguir imágenes dentro y fuera de Adobe Photoshop. Los formatos de archivos gráficos se diferencian en la manera de representar la información gráfica, bien como dibujos vectoriales o como imágenes de mapa de bits.\r\n\r\nPhotoshop soporta más de 20 formatos de archivo desde el interior de sus cuadros de diálogo "Abrir" y "Guardar". Puede soportar incluso más formatos mediante la adición de plugins que añaden comandos a los submenús "Guardar como", "Importar" y "Exportar" del menú Archivo.\r\n\r\nLos formatos de archivo representan formas distintas de guardar un archivo en disco, como la mayoría de los programas, Photoshop ofrece su propio formato nativo que guarda todos los atributos que se pueden usar en Photoshop (capas, canales extra, etc). Este es el formato .PSD. (Fig. 1.5)\r\n\r\nEntre los más de veinte formatos a elegir, algunos de ellos sirven simplemente para poder abrir una imagen creada desde otra plataforma y otros resultan más interesantes ya que guardan la imagen de tal forma que consume menos espacio en disco. Veamos algunos de estos formatos.\r\n\r\nBMP. Formato nativo de Paint de Microsoft y soportado por gran cantidad de aplicaciones Windows y DOS.\r\nIFF. Formato gráfico de los ordenadores Amiga.\r\nGIF. de CompuServe, utilizado en los viejos tiempos para la compresión de archivos.\r\nPCX. Formato nativo de PC PaintBrush.\r\nPDF. Variación del lenguaje de impresión PostScript.\r\nPICT. Formato gráfico utilizado por el sistema Macintosh.\r\nJPEG. Formato de compresión más eficiente y esencial actualmente disponible.\r\nTIFF. Formato de impresión de imágenes ampliamente soportado tanto en Macintosh como en PC.\r\nOtros: Pixar, PNG para la Web, Scitex, TGA, EPS para archivos orientados a objeto, etc. '),
	(5, 19, '2.- Resolucion y modos de color en Photoshop', 'El término resolución se refiere al número de unidades de imagen por pulgada. En los monitores y los escáneres estas unidades se llaman píxeles; en impresoras y fotocomponedoras se denominan puntos.\r\n\r\nCuando se decide la resolución necesaria para escanear una imagen, el objetivo es reunir suficiente información para que se vea bien, pero de tal modo que el archivo no sea tan grande que no se pueda trabajar. Aquí tenemos la ventana de "Tamaño de imagen" en la que se puede cambiar el tamaño y la resolución de una imagen.\r\n\r\nEn cuanto a la relación entre resolución y tamaño de imagen se debe tener en cuenta que al aumentar el tamaño de la imagen se reduce la resolución. Por el contrario, al reducir el tamaño de la imagen, aumenta la resolución.\r\n\r\nRECUERDE: Es importante para trabajar con Photoshop, entender la relación existente entre resolución-tamaño de archivo y resolución-tamaño de imagen. La relación entre resolución y tamaño del fichero desgraciadamente es proporcional, es decir, a mayor resolución mayor tamaño del fichero.\r\n\r\n\r\nLos modos de color son formas distintas para definir los colores, tanto en pantalla como en una página impresa. En el menú Imagen, opción "Modo" se encuentran los distintos modos de color utilizados en Photoshop.\r\n\r\nEl modo "RGB" es el más utilizado. Comprende tres colores primarios (rojo, verde y azul), cada uno de los cuales varía entre 256 niveles de intensidad. Con este modo se pueden reproducir 16,7 millones de colores.\r\n\r\nEl modo "CMYK" es el modo orientado a impresión que comprende cuatro colores: cian, magenta, amarillo y negro; colores en impresoras comerciales.\r\n\r\nEl "Color Indexado" utiliza las tablas de color en las que se encuentran los 256 colores numerados desde el 0 al 255. Suele utilizarse para producción multimedia en CDROM.\r\n\r\nOtro modo interesante es la "Escala de Grises" que visualiza la imagen en blanco y negro. Representa la imagen en 256 tonos de gris. El modo "Duotono" utiliza de dos a cuatro tintas. Un conjunto de curvas de gama determinan cómo se va a representar la información de la escala de grises de cada tinta. \r\n\r\nEl "Mapa de Bits" es el modo que menos información necesita por pixel ya que solo utiliza un bit y por tanto requiere menos espacio de disco a la hora de ser grabado.\r\n\r\nEl "Color Lab" se utiliza para imágenes en PhotoCD y permite la división en los modos RGB y CMYK junto con componentes de brillo, tono y saturación.\r\n\r\nEn cuanto al "Multicanal", es un modo de 8 bits por pixel utilizado para impresiones especiales. '),
	(5, 20, '3.- Manejo de documentos. Abrir, Crear y Guardar documentos', 'Para crear un nuevo archivo, escogeremos la opción "Archivo", y dentro de su menú desplegable seleccionaremos la opción "Nuevo", para crear una imagen nueva.\r\n\r\nTRUCO: También podríamos haber utilizado el atajo de teclado, manteniendo pulsada la tecla Control y pulsando la tecla n.\r\n\r\nA continuación se nos presentará un cuadro de diálogo en el cual se pueden establecer las características de partida del fichero. En primer lugar, el nombre del fichero que se quiera dar al trabajo que se vaya a iniciar.\r\n\r\nSe puede observar el tamaño del archivo, el cual variará si se modifica el ancho y alto de la imagen y las unidades de dimensión, que pueden estar en centímetros, pulgadas, píxeles, etc.\r\n\r\nLa resolución y el modo de color, que ya comentamos en la lección anterior y que influirán en la calidad, color y aspecto de la imagen y por supuesto en el tamaño del archivo, también se pueden modificar en este cuadro de diálogo.\r\n\r\nEn el grupo "Contenido" estableceremos el fondo inicial de la imagen, que podrá ser blanco, tener el color del fondo elegido en la paleta o ser transparente.\r\n\r\nUna vez elegidas las características deseadas validaremos con "Ok".\r\n\r\nPara abrir un documento ya creado, supongamos que hemos creado varias imágenes, y no deseamos crear una nueva sino abrir una de las ya existentes. En este caso, seleccionaremos la opción "Abrir" del menú Archivo.\r\n\r\nTambién se pueden utilizar las teclas "Control y O", para conseguir los mismos resultados que desplegando el menú.\r\n\r\nEn la parte central del cuadro de diálogo, se muestran las imágenes que hay en el directorio inicial, indicado en la parte superior.\r\n\r\nEn la opción "Tipo de Archivos" estableceremos el formato de los archivos que se quieran visualizar en la lista.\r\n\r\nSi la imagen no se encuentra en este directorio, se podrán ir seleccionando los directorios que se deseen.\r\n\r\nUna vez encontradas las imágenes, al seleccionar alguna, aparece una miniatura de la misma y justo debajo el tamaño que ocupa en disco la imagen. \r\n\r\nUna vez seleccionada la imagen basta con pulsar sobre "Abrir" y la imagen aparecerá en pantalla.\r\n\r\nPara guardar documentos, Una vez terminado nuestro trabajo, o simplemente para realizar una copia de seguridad, dispondremos de las siguientes opciones, todas ellas en el menú Archivo: "Guardar", "Guardar como".\r\n\r\nGuardar: almacena el trabajo en disco. Basta con pulsar esta opción y se guardarán los cambios en el documento en que se esté trabajando. El mismo efecto produce el atajo de teclado "Control y S".\r\n\r\nGuardar como: es la opción utilizada cuando se quiere guardar el trabajo con otro nombre o en otro formato. Al seleccionarlo en el menú aparece un cuadro de diálogo. Del mismo modo podríamos haber usado el teclado, pulsando las teclas "Mayúsculas, Control y S".\r\n\r\nPor ejemplo, supongamos que tenemos una imagen que se encuentra en una carpeta llamada "ejemplos" con el nombre de "ciudad" y formato PIC; y se quiere guardar en el escritorio con el nombre "ciudad2" y formato de Photoshop.\r\n\r\nPara ello, seleccionaremos el escritorio en la parte superior del cuadro de diálogo. Después cambiaremos el nombre del archivo. A continuación, buscaremos el formato adecuado. Para finalizar validaremos con "Guardar".\r\n\r\nDe esta forma seguiremos teniendo la imagen "ciudad" en el directorio "ejemplos" y una copia de ésta, con otro nombre y formato, en el escritorio.\r\n\r\nGuardar una copia: permite hacer progresiones de nuestro trabajo, manteniendo así una seguridad mientras se trabaja. Tiene un tratamiento muy parecido a "Guardar como" y, además de usando el menú, se podrá activar gracias a las teclas "Alt, Control y S".\r\n'),
	(6, 21, 'Introduccion a QuarkXpress', 'QuarkXpress es uno de los programas preferidos por los diseñadores de revistas, libros y publicaciones en general. Dispone de todas las herramientas necesarias para diseñar maquetas tan complejas como sea necesario y permite resolver cualquier problema tipográfico, de colocación de objetos,....., es decir, de preimpresión en general.\r\n\r\nNormalmente las empresas que se dedican a la edición manejan textos que han sido tecleados por los propios autores en alguno de los formatos habituales de los programas de tratamiento de textos. Una vez el autor entrega el texto a la editorial ésta se encarga de que sus correctores ortográficos y de estilo revisen y modifiquen el texto. El teclista se encargará de ultimar las correcciones. Paralelamente a estos trabajos, existe el trabajo del maquetista, que conociendo el diseño del libro (previamente elaborado por el diseñador gráfico) deberá tomar medidas del papel, de los márgenes que deben dejarse entre la mancha del texto y los límites de la hoja, de los blancos entre párrafos, del tipo de numeración de páginas, del estilo de los tipos de letra que se vayan a utilizar para titulares, portadillas, índices, subtítulos,.... Y deberá organizar todos estos datos para resolver la edición del libro. '),
	(6, 22, '1.- Creacion de documentos en Quarkxpress. Nuevo Proyecto', 'En Quarkxpress 7 ya no se crean documentos, más bien se podría decir que se crean maquetaciones.\r\n\r\nPara comenzar, una vez abierto quarkxpress 7 hay que tener bien claro cuál es el tipo de maquetación que deseamos realizar. Existen varias opciones a la hora de crear un nuevo archivo de quarkxpress como son Nuevo proyecto, Nuevo proyecto a partir de fichas de trabajo, Nueva Biblioteca y Nuevo Libro, pero en este capítulo del manual vamos a explicar como crear un nuevo proyecto.\r\n\r\nPara crear un nuevo proyecto debemos hacer click en el menú Archivo -> Nuevo -> Proyecto O con las teclas rápidas ctrl.+ n\r\n\r\nSe abrirá un cuadro de diálogo en el que podremos elegir las preferencias de nuestra maquetación para crearla, el tamaño, la orientación, si la queremos vertical u horizontal, la distancia de los márgenes, y si deseamos visualizarla con páginas enfrentadas y darle un nombre a nuestra nueva maquetación\r\n\r\nNota: El nombre de la maquetación no tiene porque ser el mismo que el del proyecto, además si lo que desea es tener varias maquetaciones en el mismo proyecto deseleccione la casilla "modo de maquetación individual", o márquela si por el contrario desea sólo tener una maquetación en el proyecto.\r\n\r\nDespués de crear la primera maquetación podemos crear nuevas maquetaciones dentro de nuestro proyecto tan solo debemos hacer click en el menú maquetación -> nuevo... , el cuadro de diálogo para crear la nueva maquetación será igual que la primera vez excepto por la casilla de modo de maquetación individual que no aparecerá le damos a ok y ya tendremos creada la segunda maquetación dentro de nuestro primer proyecto a las que podremos acceder mediante pestañas en la parte inferior izquierda. '),
	(6, 23, '2.- Nuevo proyecto a partir de una ficha de trabajo', 'Bien empecemos explicando que una ficha de trabajo son un conjunto de especificaciones y reglas, como si dijéramos una plantilla, que pueden aplicarse a uno o más proyectos de QuarkXpress.\r\n\r\nUna ficha de trabajo nos serviría por ejemplo si queremos maquetar un boletín, una revista, o cuando tenemos varios tipos de maquetación de la misma campaña como serían una tarjeta postal, un cartel, un sitio Web y una presentación flash, en este último caso sería una buena idea crear una ficha de trabajo para cada maquetación y guardarlas todas en el mismo archivo de Job Jacket, así todas las maquetaciones de la campaña podrán compartir las mismas hojas de estilo, los mismos colores etc.\r\n\r\nBien ahora que tenemos claro el concepto de ficha de trabajo y en que ocasiones puede servirnos haber creado una, vamos a explicar como crearla.\r\n\r\nEn primer lugar debemos abrir el cuadro de diálogo Gestor de Job Jackets en el menú Utilidades -> Gestor de Job Jackets.\r\n\r\nNota: Si aparece más de una lista en el cuadro de diálogo haga click en el botón de configuración básica para ver el panel básico.\r\n\r\nSi queremos crear un nuevo archivo Job Jacket para nuestro proyecto sólo debemos darle al primer botón Nuevo Job Jacket y darle un nombre. Elegimos nuestro archivo de Job Jacket de nuestro proyecto y hacemos click en la parte superior en el botón de nueva plantilla de ficha de trabajo.\r\n\r\nSe abrirá entonces un cuadro de diálogo en el que podremos ponerle nombre a nuestra nueva ficha de trabajo, además en el menú desplegable tendremos la opción de adjuntar características del job jacket actual del proyecto, de una ficha de trabajo que tengamos creada anteriormente o del job jacket por defecto que posee el programa, en el menú desplegable seleccionando aplicación, además también podremos añadir nuestros ajustes de maquetación creados anteriormente, en la pestaña ajustes de maquetación.\r\n\r\nUna vez creada nuestra ficha de trabajo en un archivo de Job Jacket sólo nos quedará crear el proyecto a partir de una ficha de trabajo. Esto lo haremos en el menú Archivo -> Nuevo -> Proyecto a partir de una ficha de trabajo , se nos abrirá un nuevo cuadro de diálogo en el que solo debemos seleccionar la ficha de trabajo que hemos creado para nuestro proyecto, la seleccionamos y después debemos seguir los mismos pasos que para crear un proyecto normal explicados en el capítulo anterior de nuestro manual. '),
	(6, 24, '3.- Biblioteca de contenido compartido. Creacion de una nueva Biblioteca', 'Para empezar vamos a explicar qué es una biblioteca en Quarkxpress. Para los elementos sincronizados, Quarkxpress mantiene una versión maestra que se almacena en un lugar invisible del archivo del proyecto, cuando se realiza cualquier cambio en un elemento sincronizado en una maquetación ese cambio se graba en la versión maestra de la biblioteca de contenidos.\r\n\r\nPodemos crear una nueva Biblioteca en el menú Archivo -> Nuevo -> Biblioteca Le asignaremos un nombre a nuestra biblioteca especificando la ruta donde la queremos crear y hacemos click en el botón crear. Una vez creada aparecerá en nuestra pantalla una nueva paleta que será la paleta de nuestra nueva biblioteca, para añadir elementos a nuestra biblioteca tan sólo debemos arrastrar cualquier elemento hasta esa paleta. También podremos arrastrar desde la biblioteca los elementos que contenga hasta la maquetación para no tener que volver a crearlos desde el principio.\r\n\r\nCuando cualquier elemento sincronizado cambia en la biblioteca de contenido compartido ese elemento es modificado o actualizado en todas las maquetaciones de ese proyecto. Es decir que si nosotros cambiamos en cualquier maquetación el contenido de el elemento cabecera o el banner, éste cambiará a su vez en todas las maquetaciones.\r\n\r\nPara compartir elementos basta con hacer click con el botón derecho del ratón sobre cualquier elemento y seleccionar la opción compartir. Los elementos de la biblioteca de contenido compartido se muestran en la paleta Contenido Compartido que podremos activar si no se encuentra activada desde el menú Ventana->Contenido Compartido.\r\n'),
	(7, 25, 'Conociendo la Interfaz de FreeHand MX', 'Para empezar estudiaremos la interfaz de Freehand y las secciones en que divide sus funciones y herramientas; como son: la Barra de Menú, los Paneles y las Barras de Herramientas del programa.\r\n\r\nEste conocimiento facilitara el estudio del programa a quienes son usuarios nuevos y ayudara a los experimentados a conocer las nuevas herramientas y funciones contenidas en esta versión.\r\n\r\nPara iniciar explicaremos que al iniciar este programa ni la barra de menú, ni las herramientas, ni los paneles se encontraran activos hasta que abra o cree un archivo.\r\n\r\nLa Barra de Menú es aquella que contiene todos los comandos y se encuentra a todo lo largo de la parte superior de la pantalla. Debajo de ella siempre encontraremos del lado izquierdo la Barra de Herramientas y en el lado Derecho los Paneles agrupados en una columna. '),
	(7, 26, '1.- Pantalla principal de Freehand. Area de trabajo', 'La pantalla principal de Freehand MX con la que trabajaremos de ahora en adelante cuenta con varios elementos.\r\n\r\nAl igual que en muchos otros programas el área central de la pantalla es conocida como el Área de Trabajo y es donde se realiza el diseño de la página.\r\n\r\nEn Freehand como en muchos otros programas de diseño grafico el Área de Trabajo aparece vacío al principio; hasta que se crea o se abre un documento. Los documentos contienen un área señalada por márgenes la cual es una simulación de la página que se imprimirá. El espacio alrededor de esta es el área que contendrá los diseños que no se imprimirá, es llamada Área no Imprimible.\r\n\r\nAlrededor del Área de Trabajo se encuentran las herramientas y paneles que contienen controles, información y opciones para modificar los diseños.\r\n\r\nEn la siguiente imagen podrá apreciar la división de la pantalla principal de Freehands, junto con una breve descripciones de sus elementos.\r\n\r\nEl área de trabajo es el lugar de diseño en freehand y su tamaño viene ya predeterminado, al crear un nuevo documento, es el tamaño de una carta normal y un margen no imprimible.\r\n\r\nComo hemos dicho con anterioridad éste elemento no sirve y se encuentra vacío antes de crear un nuevo documento, pero una vez que tengamos abierto un documento aparecerá un cuadro de simulación en el que podremos observar nuestra vista previa de impresión y todo lo que aparece alrededor será el margen no imprimible, y por tanto no podremos verlo o imprimirlo a menos que se coloque dentro del cuadro de previsualización.\r\n\r\nPodemos modificar el tamaño del mencionado cuadro de previsualización, y tan sólo debemos ir al panel o panel de propiedades y cambiar el tamaño eligiendo uno de los disponibles. '),
	(7, 27, '2.- Descripcion de los elementos en pantalla I.', 'La Barra de Menú o Menú Bar contiene comandos y modificadores ordenados según su función.\r\n\r\nLa Barra principal o Main Bar muestra una serie de iconos que son muy comunes en cualquier programa, como pueden ser, el icono de nuevo documento, bloquear y desbloquear cambios, guardar, importar, imprimir etc.\r\n\r\nLa Barra de Texto o Text Bar, muestra varios iconos que son elementos que podremos insertar en una página web, por ejemplo un vínculo, una imágen, una tabla para acomodar texto e imágenes, una dirección de correo electrónico, y herramientas para el tratamiento de texto.\r\n'),
	(7, 28, '3.- Descripcion de los elementos en pantalla II.', 'La Barra de herramientas o Tool bar nos será de gran utilidad para llevar a cabo acciones esenciales, editar, seleccionar objetos y demás opciones, vamos a ver a continuación que elementos posee.\r\n\r\nLa Barra de Herramientas de Control o Controler Bar nos permitirá tener el control sobre las animaciones que creemos dentro de Freehand, ya sea para probar su funcionamiento, aplicarles opciones, exportarlas, además de agregar vínculos de navegación y distintas acciones mas, vamos a ver a continuación que elementos posee.\r\n\r\nLa Barra de Estado o Status Bar contiene iconos que nos permitirán movernos por las páginas que contenga nuestro documento, ver la posición actual sobre la página, elegir las unidades de medida que empleamos, además de opciones como la amplificación del documento, vamos a reconocer donde están situados cada uno de ellos. '),
	(8, 29, 'Conociendo Macromedia Director', 'La ventana Cast (Menu -> Windows -> Cast).\r\n\r\nEn esta ventana es donde almacenamos los elementos importados o creados en el mismo Director, que formarán parte de la pelicula. Este es el "almacén" de nuestro proyecto.\r\n\r\nLos diferentes elementos que podemos encontrar en esta ventana son:\r\n\r\n    Navegación por el Cast: Nos permite avanzar y retroceder a través de los miembros del reparto.\r\n\r\n    Utilidad para mover los miembros del reparto: Esta es una herramienta muy útil cuando tenemos un gran número de elementos en el cast y queremos mover alguno a otra posicion no visible. Para hacerlo, seleccionamos el miembro del cast que queremos mover y luego arrastramos el cuadradito hacia el lugar del Cast a donde queremos mover este miembro seleccionado. Al soltar sobre la casilla que queramos, veremos que el miembro que teniamos seleccionado se coloca en esa casilla.\r\n\r\n    Script e Info del miembro de reparto: Estos son dos botones fundamentales para trabajar en el Cast.\r\n\r\n        En el primero (script) podemos asignar un Script al miembro seleccionado. De esta forma este miembro, al ser colocado en el escenario se comportará tal y como se le haya asignado en el script de Cast, independientemente de donde este colocado. Por ejemplo, si a un miembro le asignamos el script:\r\n\r\n        on mouseDown\r\n        beep\r\n        end\r\n\r\n        este personaje siempre reproducirá un sonido de alerta del sistema cada vez que se haga clic sobre él.\r\n        El segundo botón (info) nos sirve para asignar propiedades particulares al miembro del reparto. Más adelante veremos ejemplos en donde utilizaremos estas dos herramientas. \r\n\r\nLa ventana Tool Palette (Menu Window -> Tool Palette).\r\n\r\nEsta es la paleta de herramientas de Director. Las diferentes herramientas que nos encontramos en ella son:\r\n\r\n    La primera herramienta es el puntero. Sirve para seleccionar y mover objetos por el Stage (escenario).\r\n\r\n    La segunta es la herramienta de giro. Sirve para girar de forma libre los sprites que hemos colocado en el escenario.\r\n\r\n    Luego tenemos las figuras con relleno y sin relleno. Estas figuras tiene la particularidad de ocupar muy poca memoria, lo que agilizará nuestra pelicula si se reproduce en internet, por ejemplo, en donde la velocidad de ejecución en un punto crítico.\r\n\r\n    Los botones de selección y radio, son los tipicos botones que encontramos en aplicaciones y páginas web. Mas adelante veremos como utilizarlos para recoger información a través de Lingo.\r\n\r\n    Las herramienta siguiente nos sirve para asignar un color de fondo y frontal a nuestras figuras, campos de texto, etc..\r\n\r\n    Las últimas herramientas son las de color y grosor de linea. \r\n\r\nInspector de texto (Menu Window -> Inspector -> Text).\r\n\r\nAqui asignamos tipos de letra, alineación, espacio entre lineas, etc, para los textos y campos de texto.\r\n\r\nLa ventana Behaviour (Menu Window -> Inspector -> Behaviour).\r\n\r\nEs un pequeño asistente que nos permite asignar Scripts de Lingo, sin necesidad de escribir el código, sino seleccionando los handlers y las acciones que queramos ejecutar. Mas adelante veremos los conceptos de handler y script con mucho más detalle. Utilizar la ventana Behavior no es la forma más limpia de programar en Director, y siempre que podamos, debemos escribir el código nosotros mismos. Esto no es una simple cuestión de estilo, sino que el abuso de los scripts generados en la ventana behavior puede llegar a saturar proyectos medianamente grandes, provocando comportamientos inesperados. Las indicaciones del gráfico, de momento, son lo suficientemente explicativas. Cuando entremos en temas de Lingo, aprenderemos a utilizar los scripts de forma extensa y pormenorizada.\r\n\r\nLa ventana Score (Menu Window -> Score).\r\n\r\nEl Score, es sin duda, la ventana que más intimida a los principiantes que se acercan a Director. Sin embargo, una vez que comprendemos sus funciones, y empezamos a hacer nuestros primeros juegos en ella, se va transformando simplemente en una herramienta poderosa y versátil. Debemos entender el Score, como un secuenciador, o una partitura, en donde colocamos todos los elementos de nuestra pelicula. Cuando la cabeza de reproducción comienza, va leyendo todo lo que encuentra, a la velocidad que le hayamos asignado, interpretando y obedeciendo a los scripts que hayamos puesto en su camino y moviendo o mostrando los sprites que hayamos colocado en los canales. En el gráfico inferior vemos las partes principales de la ventana score. '),
	(8, 31, '1.- Incorporar graficos en la pelicula', 'En Director podemos importar una serie muy amplia de formatos gráficos, como por ejemplo, GIF, JPEG, PNG, BMP, PICT, etc.\r\nA la hora de importar imágenes en Director es muy importante pensar para qué las vamos utilizar, para decidir el formato correcto. Una pantalla de ordenador funcionando a 256 colores corresponde a 8 bits de profundidad de color, una pantalla a miles de colores corresponde a 16 bits, y una pantalla a millones de colores corresponde a 24-32 bits.\r\n\r\nSi queremos mostrar fotografías de gran calidad podemos optar por 16, 24 ó 32 bits, pero si lo que importamos son imágenes para animación será suficiente importarlas a 8 bits de profundidad de color, de este modo nuestra película ocupará menos memoria y funcionará más rápido.\r\nNo tiene en absoluto ningún sentido que realicemos una animación con imágenes a 32 bits, porque por un lado nuestra película ocupará demasiado y se arrastrará muy lentamente en un CD-ROM de 4X velocidad, e incluso en CD-ROM de mayor velocidad. Por eso es conveniente probar las películas directamente en CD antes de distribuirlas para evitarnos sorpresas.\r\n\r\nImportar gráficos (Menú -> File -> Import).\r\n\r\nSupongamos que tenemos los gráficos que vamos a introducir en nuestra película preparados en su carpeta o directorio correspondiente. Seleccionamos la opción del menú File -> Import, y obtendremos una ventana similar a la mostrada en la figura siguiente:\r\n\r\nEn el ejemplo vemos una película QuickTime, un gráfico en formato PICT, una película de Director 7, y un archivo de sonido en formato AIF. Si queremos importar un solo archivo, seleccionamos en la parte superior el archivo y pulsamos "IMPORT", de este modo pasaremos a la pantalla siguiente en función del tipo de archivo que hayamos importado.\r\nSi queremos importar más de un archivo a la vez, vamos seleccionando los archivos y pulsando el botón "ADD", de este modo los archivos que serán importados se van alineando en la parte inferior, y al pulsar "IMPORT", se importarán todos los archivos que hayan sido pasados a la ventana inferior.\r\n\r\nSi queremos eliminar algún archivo de la selección, lo seleccionamos en la parte inferior y pulsamos "REMOVE".\r\nUna vez le hemos dado al botón "IMPORT" y le hemos expresado nuestra conformidad a Director, nos aparece una ventana similar a la siguiente en donde podemos fijar algunos ajustes.\r\n\r\nComo podemos ver, en esta ventana podemos ajustar la profundidad de color (en el ejemplo 8 bits - 256 colores) y podemos asignarle una paleta de color. Lo más usual para empezar es asignarle la paleta de color de nuestro sistema, bien sea Macintosh ó PC y activar la opción "Dither" para que los degradados de color de la imagen sean lo más suaves posible.\r\nTambién podemos hacer que el resto de imágenes que importamos mantengan las propiedades definidas para esta.\r\nUna vez le damos a n el proceso de importar se ha terminado y el gráfico pasa a ser parte de la ventana Cast.\r\nEl gráfico se colocará por defecto en la primera casilla libre que encuentre el la ventana Cast, o bien, si teníamos seleccionada una casilla concreta antes de importar, el gráfico se colocará en esta casilla.\r\n\r\nUna vez que hemos importado la imagen en el Cast, podemos ajustar alguna de sus propiedades. Para ello, seleccionamos el miembro del Cast que contiene la imagen y pulsamos sobre el botón con el símbolo (i). Con esto accedemos a las propiedades del miembro seleccionado en la ventana Cast.\r\nConviene recordar que estos ajustes son distintos según que tipo de miembro tengamos en el Cast.\r\nLa ventana que se muestra a continuación es la que nos aparece para los miembros de reparto gráficos.\r\n\r\nEn primer lugar vemos, que tanto en la ventana Cast como aquí, Director ha recordado el nombre original del gráfico, pero siempre podemos cambiarlo en esta ventana o directamente en la ventana Cast.\r\n\r\n    La Opción " Highlight When Clicked", hará que nuestro grafico se ilumine, invirtiendo sus colores al hacer clic sobre él, cuando sea colocado en el escenario.\r\n\r\n    La opción "Dither" aplica el efecto "Dithering" (Suavizado) a los gráficos.\r\n\r\n    Luego tenemos los ajustes de transparencia Alpha para los gráficos de 32 bits.\r\n\r\n    Por último tenemos las preferencias de descarga en memoria Unload de ese miembro cuando sea utilizado. \r\n\r\nTransformación de bitmaps (Menú -> Modify -> Transform bitmap).\r\n\r\nEn esta ventana siempre podemos cambiar en última instancia, las particularidades del gráfico. Esta opción del menú "Modify" se encuentra desactivada, si no está seleccionado un gráfico en la ventana Cast. La forma que presenta esta ventana la podemos ver en el gráfico siguiente: '),
	(8, 30, '2.- Incorporar sonidos en la pelicula', 'Por lo general, en un editor de sonido podemos ajustar la resolución del sonido de igual modo que hacemos con los gráficos en un editor de imágenes.\r\n\r\nLos principales parámetros que podemos configurar en un sonido son:\r\n\r\n    Frecuencia de muestreo (Khz).\r\n\r\n    Número de bits utilizado para codificar cada muestra (resolución).\r\n\r\n    Mono o estéreo. \r\n\r\nEn Macintosh podemos importar básicamente sonidos AIFF o System 7 Sound, y en la versión 7 de Director también en Formato Sun .au, que es el formato de sonido utilizado por las applets Java.\r\n\r\nPara ambas plataformas Macintosh y PC el formato de sonido recomendado es AIFF. Así mantendremos la máxima compatibilidad entre las dos plataformas. La frecuencia de muestreo recomendada para el sonido (a ajustar en nuestro editor de sonido preferido), es de 22,050 Khz ó 11,025 Khz. Los sonidos con frecuencia superior a esta, pueden bloquear una película ya que hay que tener en cuenta que por lo general cuando ponemos en una película una animación gráfica y un sonido, estamos obligando al procesador a realizar dos operaciones, una actualizar el gráfico y otra leer y reproducir el archivo de sonido.\r\nCuando desarrollamos una producción multimedia, tenemos que tener en cuenta que este material debe poder reproducirse en sistemas inferiores a aquellos con los que estamos desarrollando la aplicación, como PC´s con procesadores más lentos, menor capacidad de memoria, lector de CD/DVD de menor velocidad, etc.\r\n\r\nImportar sonidos (Menú > File -> Import).\r\n\r\nEl proceso de importar sonido es exactamente el mismo que a la hora de importar un gráfico, pero el sonido tiene menos peculiaridades en este proceso que los gráficos.\r\n\r\nEn la ventana de Cast, vemos ahora, al lado del gráfico, nuestro primer sonido importado. Los iconos de ambos son diferentes , y esto nos ayuda a identificar los miembros de reparto en el Cast de forma rápida.\r\nSi hacemos clic sobre el botón , con el miembro sonido seleccionado en el Cast, veremos que nos aparece la ventana de propiedades del sonido.\r\n\r\nLa ventana de propiedades del sonido es más simple que la de los gráficos. Prácticamente tenemos sólo la opción de "Loop", que hace que nuestro sonido se reproduzca de forma repetitiva, y la opción "Unload" que de forma similar al caso de los gráficos regula la prioridad en la descarga de memoria de miembros del reparto que no son utilizados en un momento dado.\r\n'),
	(8, 32, '3.- Incorporar videos en la pelicula.', 'A cualquier ordenador le cuesta mucho esfuerzo reproducir video. Con el video digital debemos tener aún más cuidado que con el sonido, ya que aparte de que un vídeo de unos pocos segundos a 320 X 240 pixels ocupa varios megas en el disco duro, la reproducción de este en pantalla es una tarea pesada para cualquier tipo de ordenador.\r\nSi el vídeo además tiene sonido, debemos vigilar que el formato del sonido también sea el adecuado, si no queremos que nuestro video vaya a saltos y pierda fotogramas intentando sincronizar la imagen con el sonido.\r\n\r\nSobra decir que es tarea imposible intentar reproducir a la vez dos videos con sonido en pantalla a un tiempo y esperar un resultado lejanamente aceptable. Aunque podemos hacer video digital al tamaño que queramos en un programa editor de video, como Adobe Premiere, hay algunos formatos estándares que nos convendrá usar, como el estándar QuickTime (320 X 240 pixels). Este formato es el más grande recomendable a la hora de insertar video en nuestra aplicación multimedia.\r\n\r\nImportar vídeos (Menú > File -> Import).\r\n\r\nSistemas Multimedia e Interacción Gráfica Curso 2003/04 - 12/37 El proceso de importar video es el mismo que el de importar sonido e imágenes, pero disponemos de muchas opciones de variarlo, modificar y dirigir su reproducción en Lingo, y ajustar sus propiedades en la ventana Cast. Abordaremos las capacidades del lenguaje Lingo para controlar el video, más adelante, cuando estemos aprendiendo Lingo, ahora vamos a ver que propiedades del video podemos ajustar en el Cast una vez importado.\r\n\r\nComo vemos, el video se ajusta como otro miembro del reparto más, disponible desde ahora en nuestra pelicula. Si pulsamos el botón info del cast (i), obtendremos la ventana siguiente y podemos modificar alguna de sus propiedades:\r\n\r\nAqui vemos las propiedades del video a las que podemos acceder en la ventana Cast:\r\n\r\n    Playback: Este es el principal control de la reproducción de vídeo en Director. Sus diferentes opciones son:\r\n\r\n        Video: Indicamos si queremos que se vea el vídeo en el escenario, o bien sea invisible, pero conservando las propiedades del sonido.\r\n\r\n        Sound: Indicamos si nuestro vídeo tendrá sonido o no. Es conveniente desactivar esta opción si el vídeo que hemos importado no tiene sonido, así QuickTime no intentará ajustar la imagen a un sonido hipotético, y el vídeo funcionará más fluidamente.\r\n\r\n        Paused: Con esta opción definimos si el video, por defecto comienza en pausa. Siempre podemos arrancarlo luego con Lingo.\r\n\r\n        Loop: Con esta propiedad activada el vídeo se reproducirá de forma continua, volviendo al principio cada vez que haya terminado, a no ser que eliminemos esta caracteristica desde Lingo, o volvamos a la ventana Cast para desactivarla.\r\n\r\n    Options:\r\n\r\n        Direct To Stage: Es una propiedad por defecto del video. Normalmente el video nunca deja que otro elemento se ponga sobre él, bien sea texto, un gráfico, etc. Si un gráfico pasa por delante del video, el video se pondrá sobre él de forma que no podremos verlo mientras se encuentre en el ámbito del video. Si desactivamos esta opción, el vídeo dejará pasar sobre él a los demás miembros de la película pero, en contrapartida, funcionará a saltos y de forma poco fluida, por lo que no conviene desactivar esta opción.\r\n\r\n        Show Controler: Nos mostrará la barra de progreso de la película QuickTime, mientras funciona en el escenario.\r\n\r\n    Video: En este menu tenemos dos opciones:\r\n\r\n        Sync to Soundtrack, habilita que QuickTime ajuste el sonido a la imagen, de forma que una no vaya más rápido que la otra.\r\n\r\n        Play Every Frame (No Sound), elimina el sonido del video, caso de tenerlo, e inhabilita el intento de QuickTIme por sincronizar imagen y sonido, con lo que el video irá más fluido en pantalla. \r\n\r\nLas Opciones Enable Preload y Unload, son para la gestión de la carga y descarga en memoria del video. '),
	(9, 33, 'Conceptos, finalidad y elementos del control', 'El control es la función que establece e impulsa el proceso administrativo y se concreta en un \r\nconjunto articulado de actos y operaciones independientes.\r\nEl control como función administrativa, es el instrumento fundamental para lograr que rijan o se \r\napliquen las finalidades de la administración.\r\nLo fundamental del control es que, al aplicarlo contribuye a modificar o cambiar la realidad \r\nexaminada. '),
	(9, 34, '1.- Finalidad del Control Administrativo', 'Las  Normas  Generales  de  Control  establecen  los  procedimientos,  medidas  y  recomendaciones \r\npara mejorar los sistemas de administración.\r\nEl control es un proceso permanente y continuo realizado por la dirección, administración y los \r\njefes de cada dependencia, con el propósito de asistirlos en la prevención de infracciones a las leyes \r\ny la ética, con motivo de la gestión y administración de los bienes patrimoniales de la organización \r\nSon procedimientos orientados a proporcionar:\r\na)  Observación  en  la  aplicación  correcta  de  las  disposiciones  legales,  reglamentarias, \r\nestatutarias que rigen la administración de la mancomunidad.\r\nb) Debida autorización de transacciones y actividades diarias.\r\nc) Delimitación de funciones de cada empleado a fin de disminuir los riesgos que las personas \r\npuedan cometer errores o fraudes.\r\nd) Diseño de los manuales, reglamentos, aplicación de los mismos y registros apropiados para \r\nayudar a asegurar la transparencia de transacciones y hechos realizados.\r\ne) Dispositivos de seguridad adecuados sobre el acceso, uso de activos y registros, tales \r\ncomo instalaciones aseguradas y autorización para acceso a los programas de cómputo y \r\nlos archivos de datos, '),
	(9, 35, '2.- Elementos Básicos del Control ', 'Los principales elementos del control son: Norma, Comparación y la Acción Correctiva.\r\nNorma: \r\nPara  los  efectos  del  control,  es  la  disposición  en  la  cual  deben  ceñirse  los  actos.  Se \r\nrefiera a cualquier reglamentación existente ó disposición tendiente a regular la conducta y las \r\nacciones humanas en el desarrollo de las funciones dentro de una organización, el modelo, la pauta \r\nla referencia con la que se han de controlar hechos y realidades. La norma es establecida por la ley, \r\npor la costumbre o el conocimiento especializado de una ciencia o arte. \r\nTambién tienen categoría de normas, las políticas generales de una organización, así como aquellas \r\npolíticas particulares, que por su naturaleza subordinada, deben ceñirse a la ley, lo mismo podemos \r\ndecir en relación con los preceptos administrativos o las disposiciones que dicta la administración, \r\nincluyéndose entre ellos los planes y programas operativos, los presupuestos, los manuales de \r\nprocedimiento etc. \r\nPuede hablarse de normas de calidad aplicadas a distintos campos del conocimiento o puede \r\nhablarse de normas técnicas aplicadas a diferentes orbitas del saber. \r\nPertenecen a la categoría de normas técnicas los principios de contabilidad  generalmente aceptados \r\n(PCGA), las normas de auditoria generalmente aceptadas (NAGA), los principios administrativos, \r\npresupuestarios, las normas constructivas de la ingeniería etc. que vienen a ser los requisitos que \r\nhan de observarse para asegurar un mínimo indispensable de calidad en un trabajo determinado. \r\nMuchas normas técnicas han sido elevadas a categoría de normas jurídicas para efecto de su \r\nobservancia obligatoria.\r\nFinalmente se considera como normas las prácticas, los usos y costumbres referidos a hacer mejor \r\nlas cosas, así no tengan un reconocimiento en los instrumentos normativos. \r\nComparación:\r\n Es la operación en virtud de lo cual el acto y las circunstancias en que fue ejecutado, \r\nrefleja el resultado del análisis de las normas con los hechos o sucesos. Es aplicar la norma al hecho \r\no realidad objeto de la comparación y que origina un resultado.\r\n\r\nAcción Correctiva: \r\nEs toda medida adoptada para adecuar a la norma, el acto o la conducta. \r\nLa razón del control es posibilitar que, se corrijan las desviaciones existentes entre esta y la norma. \r\nCuando la operación de comparación ha sido correcta, se habrán producido las bases para que \r\nnazcan y se cumplan las acciones correctivas pertinentes. \r\nEn ocasiones las desviaciones que descubre el control son de tal naturaleza que requieren que se \r\nestablezca las responsabilidades a que hubiere lugar, pero esta no es la actividad más importante, \r\nni  la razón de ser del control.'),
	(10, 37, 'Tipos de control administrativo', 'Existen varios criterios o puntos de vista para la clasificación del contr\r\nol:\r\nSi se toma en cuenta el sujeto activo que lo realiza el control es interno o externo. \r\nDe acuerdo a su naturaleza el control puede ser financiero o administrativo. \r\nSi se considera el momento de su realización, el control puede ser previo o posterior. '),
	(10, 38, '1.- Control Interno', 'Son todas las medidas adoptadas por los responsables de la toma de decisiones de la entidad para \r\nverificar la correcta ejecución, eficiencia, efectividad y economía de las operaciones que a diario \r\nrealizan. \r\nLas técnicas específicas empleadas para ejercer control sobre las operaciones y recursos varían de \r\nuna organización a otra, según la magnitud, naturaleza, complejidad y dispersión geográfica de las \r\noperaciones de la misma. \r\nPara el establecimiento de un sistema de control interno eficaz, se deben seguir los siguientes \r\npasos:\r\nEstablecer normas, metas u objetivos (criterios) \r\nAnalizar el rendimiento y evaluar los resultados (comparación),  y,\r\nTomar acciones correctivas \r\nEl “control interno” abarca la organización, los procedimientos y las practicas empleadas para \r\nadministrar  las  operaciones  de  la  entidad  para  preveer  el  cumplimiento  efectivo  de  los  deberes \r\nasignados y para alcanzar los resultados deseados.\r\nLa esencia del control interno esta en las acciones tomadas para dirigir o llevar a cabo las actividades \r\nplanteadas. Dichas acciones implican corregir las diferencias y adaptar las operaciones para que \r\nguarden conformidad con las normas establecidas y con los objetivos propuestos. \r\nPara que el control funcione es necesario:\r\nEstablecerlo en forma sistematizada, es decir, siguiendo un ordenamiento racional. \r\nDotarlo de los elementos necesarios para su funcionamiento.\r\nOrientarlo a objetivos específicos, de manera que su efecto   sea medible. \r\nEl control es sustancial a todos los actos y procesos administrativos de una organización, es decir \r\nque no puede ni debe concebirse separados.\r\nEl  control  interno  comprende  el  plan  de  organización  y  el  conjunto  de  medios  adoptados \r\npara salvaguardar sus recursos, verificar la exactitud y veracidad de la información financiera y \r\nadministrativa, promover la eficiencia en las operaciones, estimular la observancia de las políticas \r\nestablecidas y lograr el cumplimiento de las metas y objetivos programados.'),
	(10, 39, '2.- Elementos basicos de control interno ', 'El control interno, debe contener los siguientes elementos básicos: \r\nUn plan de organización que prevea una separación apropiada de funciones. \r\n\r\nMétodos y procedimientos de autorización y registro que hagan posible el control financiero \r\ny administrativo sobre los recursos. \r\nPracticas sanas para el cumplimiento de los deberes y funciones de cada unidad uno de los \r\nintegrantes de la organización.\r\nAsignación de personal idóneo para el cumplimiento de sus atribuciones y deber\r\nes; y \r\nUna unidad efectiva de auditoria interna. \r\n'),
	(10, 40, '3.- Control Administrativo', 'El control administrativo sienta las bases para permitir el examen y evaluación de los procesos de \r\ndedicación en cuanto al grado de efectividad, eficiencia y economía. Es por ello que tiene que ver \r\ncon el plan de organización, los procedimientos y registros concernientes a los procesos generales, \r\nlas políticas dictadas al respecto y los objetivos generales.\r\nEl resguardo de los recursos y la identificación de errores o desviaciones en la administración y uso \r\nde los mismos, es responsabilidad primordial de los miembros de la alta dirección. \r\nPara cumplir con esta responsabilidad es indispensable mantener un sistema adecuado de control \r\nadministrativo. Se ha logrado un control adecuado cuando la administración de las operaciones \r\ny actividades cumple sus metas y objetivos con eficiencia y economía, sin tener que recurrir a \r\ninspecciones o controles externos a sus operaciones normales.'),
	(11, 41, 'Metodologia para la implementacion del control', 'Responsabilidad por la integración y aplicación de los procedimientos de control.\r\nLos procedimientos de control serán implementados e integrados dentro de la secuencia de las \r\noperaciones de la entidad de acuerdo a su propia política de control y a por la incorporación de \r\nlos procedimientos dictados por el Tribunal Superior de Cuentas.\r\nPara obtener una efectiva implementación del sistema de control en las mancomunidades se deben \r\ncumplir los siguientes requerimientos:\r\na) \r\nFormular el plan de la mancomunidad para la implementación del sistema de control.\r\nb) \r\nEstablecer los métodos y procedimientos de autorización y registros.\r\nc) \r\nTener prácticas sanas.\r\nd) \r\nContar con el personal idóneo.\r\ne) \r\nImplementar procesos de auditoria interna.'),
	(11, 42, '1.- Plan de Organización ', 'Un plan de organización esta basado fundamentalmente en:\r\na) \r\nIndependencia entre las unidades de la mancomunidad sin que esto signifique ruptura de \r\nlas comunicaciones. Implica la necesidad de separar las labores de operación, registro y \r\ncustodia como principio básico de control. \r\nLa separación de funciones constituye la parte medular del control interno, sin embargo \r\npara asegurar dicha separación no es necesario establecer unidades organizativas.\r\nb) \r\nEstablecimiento de líneas definidas de responsabilidad y autoridad. \r\nJunto con la responsabilidad definida con toda claridad, debe asignarse la autoridad para cumplirla.\r\nPara lograr el control interno no es necesario crear una oficina especial para cada etapa del flujo \r\nde las transacciones. Lo más importante del control interno consiste en la asignación correcta de \r\nlos deberes de cada empleado. '),
	(11, 43, '2.- Métodos y procedimientos de autorizacion y registro', 'Los procesos de autorización y de registro son parte integrante del control interno. Posibilitan el \r\ncontrol a través de los registros de las operaciones / transacciones y la clasificación de los datos \r\ndentro de una estructura formal. \r\nEs importante limitar el número de personas que participan en estos procesos para fijar la \r\nresponsabilidad de autorizar transacciones. \r\nPara asegurar el correcto establecimiento de los métodos y procedimientos de autorización y \r\nregistro deben diseñarse e implementarse: \r\na.  \r\nRegistro y formularios adecuados que reúnan los siguientes requisitos:  \r\nCumplir con una función especifica dentro de los procedimientos establecidos para \r\nalcanzar los objetivos fijados. \r\nSer suficientemente claros y simples para que quienes los utilicen y posibilitar el \r\nregistro de los datos de forma oportuna y correcta.\r\nReunir los requisitos para fines de información registro y control.  \r\nProveer cierto grado de comprobación interna. \r\nMediante el diseño apropiado de formularios se puede lograr una efectiva implementación de \r\nlos  procedimientos  de  control  interno,  tales  como  la  aprobación  de  las  transacciones  en  sus \r\ndistintas etapas, la verificación cuantitativa mediante la colocación apropiada de la información y la \r\ndistribución de las copias entre las distintas oficinas. \r\nb.  \r\nUn plan o catalogo de cuentas el cual debe reunir los requisitos siguientes: \r\nFacilitar la preparación de los estados e informes financieros, de manera lógica y \r\nadecuada. \r\nIncluir todas las cuentas que se requieren para reflejar en forma adecuada y exacta: \r\nactivos,  pasivos,  patrimonio,  ingresos  y  gastos,  para  el  registro  y  control  de  las \r\noperaciones. \r\nDescribir las cuentas explicando el contenido y uso de cada una. \r\nFacilitar la definición clara de los desembolsos para que se clasifiquen como; activo \r\nfijo, inventarios o gastos. \r\nProveer las cuentas de control que sean necesarias y prever las que se necesitaran \r\nen el futuro. \r\nContener  clasificaciones  según  las  líneas  de  organización  y  autoridad  de  la \r\nmancomunidad para proveer datos sobre los costos de cada dependencia (contabilidad \r\npor áreas de responsabilidad). \r\nLos documentos y los registros contables indican la procedencia de los datos y su trámite.\r\n'),
	(11, 44, '3.- Prácticas sanas ', 'La efectividad del control interno, así como la eficiencia del resultado de las operaciones, dependerán \r\ntambién de la sana práctica adoptada y seguida en el cumplimiento de los deberes y funciones de \r\ncada una de las unidades administrativas de la mancomunidad.\r\n\r\nManual de Procedimientos Administrativos y Financieros Aplicado a Mancomunidades\r\nA continuación se presentan algunos ejemplos que servirán para aclarar el significado de práctica \r\nsana: \r\na. \r\nTener una lista de los proveedores autorizados.\r\nb.      Solicitar cotizaciones a varios proveedores, a afecto de realizar compras de manera más \r\ntransparente. \r\nc.      Que el departamento de contabilidad verifique las facturas y su documentación respectiva, \r\ncomo base para el pago. \r\nd.     Establecer el uso de locales cerradas, con acceso limitado para guardar los recursos \r\nmateriales propiedad de la mancomunidad. \r\ne.      Tomar  seguros  o  fianzas  para  los  empleados  que  manejan  recursos  materiales  y \r\nfinancieros. \r\nf. \r\nPropiciar y efectuar reuniones periódicas de jefes de unidades con su personal para \r\nmantener abierta siempre una provechosa línea de comunicación.  \r\n'),
	(12, 45, 'Componentes basicos de un sistema de control', 'Para que la mancomunidad pueda disponer de un buen sistema de control, debe estar integrado \r\npor los siguientes componentes: '),
	(12, 46, '1.- Políticas', 'Se puede definir una política como el marco jurídico operativo que guía o limita las acciones de \r\nla mancomunidad. Es la línea de conducta predeterminada que se aplica para llevar a cabo sus \r\nactividades. \r\nLas políticas aplicables a la mancomunidad pueden clasificarse en tres grupos:     \r\na. \r\nPolíticas  Generales:\r\n son aquellas que se originan fuera de la entidad. Normalmente \r\nestas políticas son establecidas por disposiciones legales reglamentarias o por decisión de \r\nla asamblea general, o la junta directiva.\r\nb.  \r\nPolíticas  Internas:\r\n  son  aquellas  que  se  establecen  dentro  de  la  mancomunidad, \r\ngeneralmente afectan su propia estructura y están orientas hacia el logro de los objetivos \r\ny fines institucionales. \r\nc.  \r\nPolíticas para Unidades Administrativas;\r\n Son aquellas que se establecen en niveles \r\njerárquicos operativos y son de aplicación limitada a un departamento especifico de la \r\nmancomunidad.'),
	(12, 47, '2.- Procedimientos', 'Los procedimientos son el conjunto de pasos concatenados para efectuar las tareas derivadas de \r\nlas operaciones de la mancomunidad, para ello es necesario considerar lo siguiente:\r\na.    Un  programa  para  la  revisión,  mejora  y  ajuste  continuo  o  periódico  de  los \r\nprocedimientos. \r\nb.     Los procedimientos, deben estar concebidos de manera que el trabajo de un empleado sea \r\nrevisado por otro, independientemente de sus propias obligaciones. \r\nc.     Al determinar la inclusión de chequeos internos, se deben considerar entre otros factores, \r\nel grado de riesgo de pérdida o error, el costo de los procedimientos preventivos y la \r\ndisponibilidad del personal.\r\nd. \r\nLos procedimientos no deben ser excesivamente detallados para permitir el uso del  \r\ncriterio en situaciones fuera de lo común. \r\ne.     Los procedimientos deben ser simples y específicos en su aplicación y del menor costo   \r\nposible. \r\nf. \r\nLos procedimientos no deben estar en conflicto ni tienen que duplicarse. \r\n'),
	(12, 48, '3.- Programación ', 'La programación es necesaria en cualquier actividad, ella ayuda a determinar las necesidades o \r\nrequerimientos de fondos. \r\nPara  la  programación  de  las  actividades  se  debe  tomar  en  consideración  las  obligaciones  y \r\nresponsabilidades definidas en las leyes aplicables al sector publico así como los medios para \r\ncumplir con ellas. \r\nAl establecer los proyectos específicos de trabajo en los cuales se emplearan los fondos, el personal \r\ny otros recursos proporcionados a la entidad se debe tomar nota de:  \r\na. \r\nLos requerimientos y limitaciones  de cada proyecto.\r\nb.      La necesidad de llevar a cabo todos los programas y operaciones en la forma más eficiente \r\ny económica.\r\nc.      La necesidad de velar por que todos los recursos de la mancomunidad sean utilizados en \r\nforma eficiente.   ');
/*!40000 ALTER TABLE `unidad` ENABLE KEYS */;


-- Volcando estructura para tabla bd_delox.usuario
CREATE TABLE IF NOT EXISTS `usuario` (
  `idusuario` int(11) NOT NULL AUTO_INCREMENT,
  `nombre` varchar(50) DEFAULT NULL,
  `email` varchar(50) DEFAULT NULL,
  `apellidos` varchar(50) DEFAULT NULL,
  `dni` varchar(50) DEFAULT NULL,
  `localidad` varchar(50) DEFAULT NULL,
  `clave` varchar(50) DEFAULT NULL,
  KEY `idusuario` (`idusuario`)
) ENGINE=InnoDB AUTO_INCREMENT=17 DEFAULT CHARSET=utf8;

-- Volcando datos para la tabla bd_delox.usuario: ~2 rows (aproximadamente)
DELETE FROM `usuario`;
/*!40000 ALTER TABLE `usuario` DISABLE KEYS */;
/*!40000 ALTER TABLE `usuario` ENABLE KEYS */;


-- Volcando estructura para tabla bd_delox.usuariocurso
CREATE TABLE IF NOT EXISTS `usuariocurso` (
  `idusuario` int(11) DEFAULT NULL,
  `idcurso` int(11) DEFAULT NULL,
  `nota` float DEFAULT NULL,
  `oportunidades` float DEFAULT '0',
  `aprobado` enum('Y','N') DEFAULT 'N'
) ENGINE=InnoDB DEFAULT CHARSET=utf8;

-- Volcando datos para la tabla bd_delox.usuariocurso: ~3 rows (aproximadamente)
DELETE FROM `usuariocurso`;
/*!40000 ALTER TABLE `usuariocurso` DISABLE KEYS */;
/*!40000 ALTER TABLE `usuariocurso` ENABLE KEYS */;
/*!40101 SET SQL_MODE=IFNULL(@OLD_SQL_MODE, '') */;
/*!40014 SET FOREIGN_KEY_CHECKS=IF(@OLD_FOREIGN_KEY_CHECKS IS NULL, 1, @OLD_FOREIGN_KEY_CHECKS) */;
/*!40101 SET CHARACTER_SET_CLIENT=@OLD_CHARACTER_SET_CLIENT */;
